{
  "710614759514570782": {
    "1x1x1x1": [
      "Diamond",
      "Gold",
      "Radioactive"
    ],
    "Bombombini Gusini": [
      "Normal",
      "Gold"
    ],
    "La Cucaracha": [
      "Gold"
    ],
    "Tartaragno": [
      "Normal"
    ],
    "Anpali Babel": [
      "Normal"
    ],
    "67": [
      "Gold"
    ],
    "Noobini Pizzanini": [
      "Normal",
      "Gold"
    ],
    "Lirili Larila": [
      "Normal",
      "Gold"
    ],
    "Tim Cheese": [
      "Normal",
      "Gold"
    ],
    "FluriFlura": [
      "Normal",
      "Gold"
    ],
    "Talpa Di Fero": [
      "Normal",
      "Gold"
    ],
    "Svinina Bombardino": [
      "Normal",
      "Gold"
    ],
    "Raccooni Jandelini": [
      "Normal"
    ],
    "Pipi Kiwi": [
      "Normal",
      "Gold"
    ],
    "Pipi Corni": [
      "Normal"
    ],
    "Cocofanto Elefanto": [
      "Normal",
      "Gold"
    ],
    "Antonio": [
      "Normal"
    ],
    "Girafa Celestre": [
      "Normal",
      "Gold"
    ],
    "Gattatino Nyanino": [
      "Normal",
      "Gold"
    ],
    "Chihuanini Taconini": [
      "Normal",
      "Gold"
    ],
    "Tralalero Tralala": [
      "Normal",
      "Gold"
    ],
    "Matteo": [
      "Normal",
      "Gold"
    ],
    "Los Crocodillitos": [
      "Normal"
    ],
    "Trigoligre Frutonni": [
      "Normal"
    ],
    "Espresso Signora": [
      "Normal"
    ],
    "Odin Din Din Dun": [
      "Normal",
      "Gold"
    ],
    "Tipi Topi Taco": [
      "Normal",
      "Gold"
    ],
    "Unclito Samino": [
      "Normal"
    ],
    "Alessio": [
      "Normal",
      "Gold"
    ],
    "Tukanno Bananno": [
      "Normal"
    ],
    "Orcalero Orcala": [
      "Normal",
      "Gold"
    ],
    "Tralalita Tralala": [
      "Normal",
      "Gold"
    ],
    "Statutino Libertino": [
      "Normal"
    ],
    "Vampira Cappucina": [
      "Normal"
    ],
    "Extinct Ballerina": [
      "Normal",
      "Gold"
    ],
    "Trenostruzzo Turbo 3000": [
      "Normal",
      "Gold"
    ],
    "Urubini Flamenguini": [
      "Normal"
    ],
    "Jacko Jack Jack": [
      "Normal"
    ],
    "Capi Taco": [
      "Normal"
    ],
    "Gattito Tacoto": [
      "Normal",
      "Gold"
    ],
    "Trippi Troppi Troppa Trippa": [
      "Normal",
      "Gold"
    ],
    "Las Capuchinas": [
      "Normal"
    ],
    "Ballerino Lololo": [
      "Normal",
      "Gold"
    ],
    "Bulbito Bandito Traktorito": [
      "Normal",
      "Gold"
    ],
    "Los Tungtungtungcitos": [
      "Normal",
      "Gold"
    ],
    "Pakrahmatmamat": [
      "Normal",
      "Gold"
    ],
    "Los Bombinitos": [
      "Normal",
      "Gold"
    ],
    "Brr es Teh Patipum": [
      "Normal"
    ],
    "Pakrahmatmatina": [
      "Normal",
      "Gold"
    ],
    "Piccione Macchina": [
      "Normal",
      "Gold"
    ],
    "Bombardini Tortinii": [
      "Normal"
    ],
    "Tractoro Dinosauro": [
      "Normal",
      "Gold"
    ],
    "Los Orcalitos": [
      "Normal",
      "Gold"
    ],
    "Crabbo-Limonetta": [
      "Normal",
      "Gold"
    ],
    "Cacasito Satalito": [
      "Normal"
    ],
    "Orcalita Orcala": [
      "Normal"
    ],
    "Squalanana": [
      "Normal",
      "Gold"
    ],
    "Tartaruga Cisterna": [
      "Normal",
      "Gold"
    ],
    "Corn Corn Corn Sahur": [
      "Normal",
      "Gold"
    ],
    "Snailenzo": [
      "Normal"
    ],
    "Dug dug dug": [
      "Normal"
    ],
    "Los Tipi Tacos": [
      "Normal",
      "Gold"
    ],
    "Mastodontico Telepiedone": [
      "Normal",
      "Gold"
    ],
    "Bambu Bambu Sahur": [
      "Normal",
      "Gold"
    ],
    "Cappuccino Clownino": [
      "Normal",
      "Gold"
    ],
    "Brasilini Berimbini": [
      "Normal"
    ],
    "Belula Beluga": [
      "Normal",
      "Gold"
    ],
    "Krupuk Pagi Pagi": [
      "Normal",
      "Gold"
    ],
    "Skull Skull Skull": [
      "Normal",
      "Gold"
    ],
    "Tentacolo Tecnico": [
      "Normal",
      "Gold"
    ],
    "Cappuccino Assassino": [
      "Normal",
      "Gold"
    ],
    "Bandito Axolito": [
      "Normal",
      "Gold"
    ],
    "Brr Brr Patapim": [
      "Normal",
      "Gold"
    ],
    "Avocadini Antilopini": [
      "Normal",
      "Gold"
    ],
    "Trulimero Trulicina": [
      "Normal",
      "Gold"
    ],
    "Bambini Crostini": [
      "Normal",
      "Gold"
    ],
    "Malame Amarele": [
      "Normal"
    ],
    "Bananita Dolphinita": [
      "Normal",
      "Gold"
    ],
    "Perochello Lemonchello": [
      "Normal",
      "Gold"
    ],
    "Brri Brri Bicus Dicus Bombicus": [
      "Normal",
      "Gold"
    ],
    "Avocadini Guffo": [
      "Normal",
      "Gold"
    ],
    "Mangolini Parrocini": [
      "Normal"
    ],
    "Frogato Pirato": [
      "Normal"
    ],
    "Salamino Penguino": [
      "Normal",
      "Gold"
    ],
    "Penguino Cocosino": [
      "Normal"
    ],
    "Mummio Rappitto": [
      "Normal",
      "Gold"
    ],
    "Doi Doi Do": [
      "Gold"
    ],
    "Penguin Tree": [
      "Gold"
    ],
    "Wombo Rollo": [
      "Gold"
    ],
    "Burbaloni Loliloli": [
      "Gold"
    ],
    "Chimpanzini Bananini": [
      "Gold"
    ],
    "Ballerina Cappuccina": [
      "Gold"
    ],
    "Chef Crabracadabra": [
      "Gold"
    ],
    "Lionel Cactuseli": [
      "Gold"
    ],
    "Glorbo Fruttodrillo": [
      "Gold"
    ],
    "Quivioli Ameleonni": [
      "Gold"
    ],
    "Blueberrinni Octopusini": [
      "Gold"
    ],
    "Pipi Potato": [
      "Gold"
    ],
    "Strawberelli Flamingelli": [
      "Gold"
    ],
    "Pandaccini Bananini": [
      "Gold"
    ],
    "Sigma Boy": [
      "Gold"
    ],
    "Puffaball": [
      "Gold"
    ],
    "Frigo Camelo": [
      "Gold"
    ],
    "Orangutini Ananassini": [
      "Gold"
    ],
    "Rhino Toasterino": [
      "Gold"
    ],
    "Bombardiro Crocodilo": [
      "Gold"
    ],
    "Spioniro Golubiro": [
      "Gold"
    ],
    "Zibra Zubra Zibralini": [
      "Gold"
    ],
    "Tigrilini Watermelini": [
      "Gold"
    ],
    "Cavallo Virtuoso": [
      "Gold"
    ],
    "Gorillo Watermelondrillo": [
      "Gold"
    ],
    "Lerulerulerule": [
      "Gold"
    ],
    "Te Te Te Sahur": [
      "Gold"
    ],
    "Tracoducotulu Delapeladustuz": [
      "Gold"
    ],
    "Cachorrito Melonito": [
      "Gold"
    ],
    "Carloo": [
      "Gold"
    ],
    "Toiletto Focaccino": [
      "Gold"
    ],
    "Trippi Troppi": [
      "Gold"
    ],
    "Gangster Footera": [
      "Gold"
    ],
    "Bandito Bobritto": [
      "Gold"
    ],
    "Boneca Ambalabu": [
      "Gold"
    ],
    "Cacto Hipopotamo": [
      "Gold"
    ],
    "Ta Ta Ta Ta Sahur": [
      "Gold"
    ],
    "Cupcake Koala": [
      "Gold"
    ],
    "Tric Trac Baraboom": [
      "Gold"
    ],
    "Noobini Santanini": [
      "Gold"
    ],
    "Jackorilla": [
      "Gold"
    ],
    "Sammyni Spyderini": [
      "Gold"
    ],
    "Dul Dul Dul": [
      "Gold"
    ],
    "Chachechi": [
      "Gold"
    ],
    "Los Tralaleritos": [
      "Gold"
    ],
    "Zombie Tralala": [
      "Gold"
    ],
    "Boatito Auratito": [
      "Gold"
    ],
    "Guerriro Digitale": [
      "Gold"
    ],
    "Pumpkini Spyderini": [
      "Gold"
    ],
    "Las Tralaleritas": [
      "Gold"
    ],
    "Los Karkeritos": [
      "Gold"
    ],
    "Graipuss Medussi": [
      "Gold"
    ],
    "Tung Tung Tung Sahur": [
      "Gold"
    ],
    "Los Nooo My Hotspotsitos": [
      "Gold"
    ],
    "Frogo Elfo": [
      "Gold"
    ],
    "Stoppo Luminino": [
      "Gold"
    ],
    "Carrotini Brainini": [
      "Gold"
    ],
    "Tigroligre Frutonni": [
      "Gold"
    ],
    "Los Chihuaninis": [
      "Gold"
    ],
    "Ballerina Peppermintina": [
      "Gold"
    ],
    "Aquanaut": [
      "Gold"
    ],
    "Yeti Claus": [
      "Gold"
    ],
    "Granchiello Spiritell": [
      "Gold"
    ],
    "Los Gattitos": [
      "Gold"
    ],
    "Cocoa Assassino": [
      "Gold"
    ],
    "Ginger Cisterna": [
      "Gold"
    ],
    "Karkerkar Kurkur": [
      "Gold"
    ],
    "La Vacca Saturno Saturnita": [
      "Gold"
    ],
    "Torrtuginni Dragonfrutini": [
      "Gold"
    ],
    "Blackhole Goat": [
      "Gold"
    ],
    "Extinct Tralalero": [
      "Gold"
    ],
    "Vulturino Skeletono": [
      "Gold"
    ],
    "Reindeer Tralala": [
      "Gold"
    ],
    "La Karkerkar Combinasion": [
      "Gold"
    ],
    "Triplito Tralaleritos": [
      "Gold"
    ],
    "Giftini Spyderini": [
      "Gold"
    ],
    "Perrito Burrito": [
      "Gold"
    ],
    "Los Cucarachas": [
      "Gold"
    ],
    "Los Jobcitos": [
      "Gold"
    ],
    "To to to Sahur": [
      "Gold"
    ],
    "Pot Hotspot": [
      "Gold"
    ],
    "Horegini Boom": [
      "Gold"
    ],
    "Quesadilla Crocodila": [
      "Gold"
    ],
    "Chicleteira Bicicleteira": [
      "Gold"
    ],
    "Burrito Bandito": [
      "Gold"
    ],
    "Los Burritos": [
      "Gold"
    ],
    "La Grande Combinasion": [
      "Gold"
    ],
    "Mariachi Corazoni": [
      "Gold"
    ],
    "Los Combinasionas": [
      "Gold"
    ],
    "Tacorita Bicicleta": [
      "Gold"
    ],
    "Los Mobilis": [
      "Gold"
    ],
    "La Spooky Grande": [
      "Gold"
    ],
    "La Extinct Grande": [
      "Gold"
    ],
    "Chipso and Queso": [
      "Gold"
    ],
    "Eviledon": [
      "Gold"
    ],
    "Esok Sekolah": [
      "Gold"
    ],
    "La Taco Combinasion": [
      "Gold"
    ],
    "Los Spaghettis": [
      "Gold"
    ]
  },
  "1278386373946114224": {
    "Dragon Cannelloni": [
      "Gold"
    ]
  },
  "1382995796152156272": {
    "Garama and Madundung": [
      "Gold"
    ],
    "La Secret Combinasion": [
      "Gold"
    ],
    "Los Spaghettis": [
      "Gold"
    ],
    "Spaghetti Tualetti": [
      "Gold"
    ]
  }
}