[
    {
        "name": "Noobini Pizzanini",
        "url": "https://static.wikia.nocookie.net/stealabr/images/8/83/Noobini_Pizzanini_NEW.png/revision/latest?cb=20251125141732",
        "match_type": "exact"
    },
    {
        "name": "Lirili Larila",
        "url": "https://static.wikia.nocookie.net/stealabr/images/c/c8/Liliri_Lalira.png/revision/latest?cb=20250729184448",
        "match_type": "fuzzy (92%)",
        "wiki_title": "Liril\u00ec Laril\u00e0"
    },
    {
        "name": "Tim Cheese",
        "url": "https://static.wikia.nocookie.net/stealabr/images/1/11/Tim_Cheese.png/revision/latest?cb=20250729184731",
        "match_type": "exact"
    },
    {
        "name": "FluriFlura",
        "url": "https://static.wikia.nocookie.net/stealabr/images/7/77/Fluriflura.png/revision/latest?cb=20250729184916",
        "match_type": "fuzzy (100%)",
        "wiki_title": "Fluriflura"
    },
    {
        "name": "Talpa Di Fero",
        "url": "https://static.wikia.nocookie.net/stealabr/images/b/b1/Talpa_Di_Fero.png/revision/latest?cb=20250729185233",
        "match_type": "exact"
    },
    {
        "name": "Svinina Bombardino",
        "url": "https://static.wikia.nocookie.net/stealabr/images/2/26/Homicidio_doloso.png/revision/latest?cb=20250729225915",
        "match_type": "exact"
    },
    {
        "name": "Noobini Santanini",
        "url": "https://static.wikia.nocookie.net/stealabr/images/c/cd/NoobiniSantanini.png/revision/latest?cb=20251207000659",
        "match_type": "exact"
    },
    {
        "name": "Raccooni Jandelini",
        "url": "https://static.wikia.nocookie.net/stealabr/images/2/2d/Raccooni.png/revision/latest?cb=20251127133032",
        "match_type": "exact"
    },
    {
        "name": "Tartaragno",
        "url": "https://static.wikia.nocookie.net/stealabr/images/d/de/Tartaragnoo.png/revision/latest?cb=20251013020010",
        "match_type": "exact"
    },
    {
        "name": "Pipi Kiwi",
        "url": "https://static.wikia.nocookie.net/stealabr/images/9/92/Pipi_Kiwi.png/revision/latest?cb=20251023015503",
        "match_type": "exact"
    },
    {
        "name": "Pipi Corni",
        "url": "https://static.wikia.nocookie.net/stealabr/images/5/53/PipiCorni.png/revision/latest?cb=20251128210620",
        "match_type": "exact"
    },
    {
        "name": "Trippi Troppi",
        "url": "https://static.wikia.nocookie.net/stealabr/images/f/f0/Trippi_Troppi.png/revision/latest?cb=20251220012554",
        "match_type": "exact"
    },
    {
        "name": "Gangster Footera",
        "url": "https://static.wikia.nocookie.net/stealabr/images/7/7f/King_von.png/revision/latest?cb=20250902185714",
        "match_type": "exact"
    },
    {
        "name": "Bandito Bobritto",
        "url": "https://static.wikia.nocookie.net/stealabr/images/7/7e/Oi_Oi_Oi.png/revision/latest?cb=20251226233319",
        "match_type": "exact"
    },
    {
        "name": "Boneca Ambalabu",
        "url": "https://static.wikia.nocookie.net/stealabr/images/9/9c/Boneca_Ambalabu.png/revision/latest?cb=20250729231053",
        "match_type": "exact"
    },
    {
        "name": "Cacto Hipopotamo",
        "url": "https://static.wikia.nocookie.net/stealabr/images/a/af/Cacto_Hipopotamo1.png/revision/latest/scale-to-width-down/906?cb=20250826091108",
        "match_type": "exact"
    },
    {
        "name": "Ta Ta Ta Ta Sahur",
        "url": "https://static.wikia.nocookie.net/stealabr/images/b/b2/TaTas.png/revision/latest?cb=20250902182129",
        "match_type": "exact"
    },
    {
        "name": "Cupcake Koala",
        "url": "https://static.wikia.nocookie.net/stealabr/images/5/58/Cupcake_Koala.png/revision/latest/scale-to-width-down/840?cb=20251108231212",
        "match_type": "exact"
    },
    {
        "name": "Tric Trac Baraboom",
        "url": "https://static.wikia.nocookie.net/stealabr/images/5/5a/Tric-Trac-Baraboom-5.png/revision/latest?cb=20250730160553",
        "match_type": "exact"
    },
    {
        "name": "Frogo Elfo",
        "url": "https://static.wikia.nocookie.net/stealabr/images/2/2d/Frogo_Elfo.png/revision/latest?cb=20251207003636",
        "match_type": "exact"
    },
    {
        "name": "Pipi Avocado",
        "url": "https://static.wikia.nocookie.net/stealabr/images/f/f5/-08D2AFE2-1A88-4E47-91AD-B28otoroom.png/revision/latest?cb=20251212001247",
        "match_type": "exact"
    },
    {
        "name": "Pinealotto Fruttarino",
        "url": "https://static.wikia.nocookie.net/stealabr/images/b/ba/Pintealotto.png/revision/latest?cb=20251013015531",
        "match_type": "exact"
    },
    {
        "name": "Cappuccino Assassino",
        "url": "https://static.wikia.nocookie.net/stealabr/images/4/4e/Cappuccino_Assassino.png/revision/latest?cb=20250809183502",
        "match_type": "exact"
    },
    {
        "name": "Bandito Axolito",
        "url": "https://static.wikia.nocookie.net/stealabr/images/b/b1/Bandito_Axolito1.png/revision/latest?cb=20250916234713",
        "match_type": "exact"
    },
    {
        "name": "Brr Brr Patapim",
        "url": "https://static.wikia.nocookie.net/stealabr/images/6/6d/Lil_wayne.png/revision/latest?cb=20250902184123",
        "match_type": "exact"
    },
    {
        "name": "Avocadini Antilopini",
        "url": "https://static.wikia.nocookie.net/stealabr/images/1/1a/Avocadini_Antilopini.png/revision/latest?cb=20250831081311",
        "match_type": "exact"
    },
    {
        "name": "Trulimero Trulicina",
        "url": "https://static.wikia.nocookie.net/stealabr/images/f/fa/Untitled211_20250809125319.png/revision/latest?cb=20250809181508",
        "match_type": "exact"
    },
    {
        "name": "Bambini Crostini",
        "url": "https://static.wikia.nocookie.net/stealabr/images/0/0a/Untitled208_20250808152208.png/revision/latest/scale-to-width-down/894?cb=20250808202302",
        "match_type": "exact"
    },
    {
        "name": "Malame Amarele",
        "url": "https://static.wikia.nocookie.net/stealabr/images/2/28/MalameAmarele.png/revision/latest/scale-to-width-down/666?cb=20250907003733",
        "match_type": "exact"
    },
    {
        "name": "Bananita Dolphinita",
        "url": "https://static.wikia.nocookie.net/stealabr/images/b/b1/Dolphin_But_Banana.png/revision/latest?cb=20251107111935",
        "match_type": "exact"
    },
    {
        "name": "Perochello Lemonchello",
        "url": "https://static.wikia.nocookie.net/stealabr/images/a/a2/PeroLemonfulldetial.png/revision/latest?cb=20250905124054",
        "match_type": "exact"
    },
    {
        "name": "Brri Brri Bicus Dicus Bombicus",
        "url": "https://static.wikia.nocookie.net/stealabr/images/4/4e/Berry_berry_bicus_dickus.png/revision/latest?cb=20250902180219",
        "match_type": "exact"
    },
    {
        "name": "Burbaloni Loliloli",
        "url": "https://static.wikia.nocookie.net/stealabr/images/f/fb/BurbaloniLuliloli.png/revision/latest?cb=20251030014843",
        "match_type": "exact"
    },
    {
        "name": "Avocadini Guffo",
        "url": "https://static.wikia.nocookie.net/stealabr/images/b/bc/AvocadiniGuffo.png/revision/latest?cb=20251128204546",
        "match_type": "exact"
    },
    {
        "name": "Ti Ti Ti Sahur",
        "url": "https://static.wikia.nocookie.net/stealabr/images/a/ad/Titititiit.png/revision/latest?cb=20251017141030",
        "match_type": "exact"
    },
    {
        "name": "Mangolini Parrocini",
        "url": "https://static.wikia.nocookie.net/stealabr/images/1/1c/MANGOES_MANGOES_MANGOES_MANGOES_MANGHOES_MANGOES_MANGOES_MANGOES_MANGOES_MANGOES_BOIIIIII_SIX_SEVEEEEEEEEN.png/revision/latest?cb=20251012050322",
        "match_type": "exact"
    },
    {
        "name": "Frogato Pirato",
        "url": "https://static.wikia.nocookie.net/stealabr/images/c/cc/Bigfrog.png/revision/latest?cb=20251018143432",
        "match_type": "exact"
    },
    {
        "name": "Salamino Penguino",
        "url": "https://static.wikia.nocookie.net/stealabr/images/5/59/Salamino-Penguino.png/revision/latest?cb=20250730172949",
        "match_type": "exact"
    },
    {
        "name": "Doi Doi Do",
        "url": "https://static.wikia.nocookie.net/stealabr/images/8/83/DoiDoi.png/revision/latest?cb=20251109014533",
        "match_type": "exact"
    },
    {
        "name": "Penguin Tree",
        "url": "https://static.wikia.nocookie.net/stealabr/images/8/88/PenguinTree.png/revision/latest?cb=20251207003327",
        "match_type": "exact"
    },
    {
        "name": "Wombo Rollo",
        "url": "https://static.wikia.nocookie.net/stealabr/images/0/0c/Wombo.png/revision/latest?cb=20251102023250",
        "match_type": "exact"
    },
    {
        "name": "Penguino Cocosino",
        "url": "https://static.wikia.nocookie.net/stealabr/images/6/6a/Penguino_Cocosino.png/revision/latest?cb=20260119201430",
        "match_type": "exact"
    },
    {
        "name": "Chimpanzini Bananini",
        "url": "https://static.wikia.nocookie.net/stealabr/images/4/47/ChimpanziniBananini.png/revision/latest?cb=20250820121632",
        "match_type": "exact"
    },
    {
        "name": "Mummio Rappitto",
        "url": "https://static.wikia.nocookie.net/stealabr/images/b/b2/Mummio_Rappitto.png/revision/latest?cb=20251012045417",
        "match_type": "exact"
    },
    {
        "name": "Tirilikalika Tirilikalako",
        "url": "https://static.wikia.nocookie.net/stealabr/images/2/2f/TirilikalikaTirilikalakoTransparent.png/revision/latest?cb=20250915152802",
        "match_type": "exact"
    },
    {
        "name": "Ballerina Cappuccina",
        "url": "https://static.wikia.nocookie.net/stealabr/images/0/0e/Ballerina_cappucinaaaa%21%21%21.png/revision/latest?cb=20251108033515",
        "match_type": "exact"
    },
    {
        "name": "Chef Crabracadabra",
        "url": "https://static.wikia.nocookie.net/stealabr/images/9/9d/Travis_scott.png/revision/latest?cb=20250902183549",
        "match_type": "exact"
    },
    {
        "name": "Lionel Cactuseli",
        "url": "https://static.wikia.nocookie.net/stealabr/images/7/7d/Lionel-Cactuseli.png/revision/latest?cb=20250730161749",
        "match_type": "exact"
    },
    {
        "name": "Glorbo Fruttodrillo",
        "url": "https://static.wikia.nocookie.net/stealabr/images/d/da/GlorboFruttodrillo.png/revision/latest/scale-to-width-down/1000?cb=20250821143713",
        "match_type": "exact"
    },
    {
        "name": "Quivioli Ameleonni",
        "url": "https://static.wikia.nocookie.net/stealabr/images/c/cd/Quivioli_Ameleonni.png/revision/latest?cb=20250831171040",
        "match_type": "exact"
    },
    {
        "name": "Clickerino Crabo",
        "url": "https://static.wikia.nocookie.net/stealabr/images/a/a1/Clickerinocrabo.png/revision/latest?cb=20251108225425",
        "match_type": "exact"
    },
    {
        "name": "Blueberrinni Octopusini",
        "url": "https://static.wikia.nocookie.net/stealabr/images/d/d0/NewBlueberrinni.png/revision/latest?cb=20250922050721",
        "match_type": "exact"
    },
    {
        "name": "Caramello Filtrello",
        "url": "https://static.wikia.nocookie.net/stealabr/images/b/bd/Caramello_Filtrello2.png/revision/latest?cb=20260118215113",
        "match_type": "exact"
    },
    {
        "name": "Pipi Potato",
        "url": "https://static.wikia.nocookie.net/stealabr/images/c/cc/POTATO.png/revision/latest?cb=20250920182758",
        "match_type": "exact"
    },
    {
        "name": "Strawberelli Flamingelli",
        "url": "https://static.wikia.nocookie.net/stealabr/images/2/21/Strawberrelli_Flamingelli.png/revision/latest?cb=20250929145823",
        "match_type": "fuzzy (98%)",
        "wiki_title": "Strawberrelli Flamingelli"
    },
    {
        "name": "Cocosini Mama",
        "url": "https://static.wikia.nocookie.net/stealabr/images/c/ca/Cocosini_Mama.png/revision/latest?cb=20260103034424",
        "match_type": "exact"
    },
    {
        "name": "Pandaccini Bananini",
        "url": "https://static.wikia.nocookie.net/stealabr/images/0/03/Pandaccini_Bananini.png/revision/latest?cb=20251116171201",
        "match_type": "exact"
    },
    {
        "name": "Quackula",
        "url": "https://static.wikia.nocookie.net/stealabr/images/2/23/Quackula.png/revision/latest/scale-to-width-down/1000?cb=20251022155959",
        "match_type": "exact"
    },
    {
        "name": "Pi Pi Watermelon",
        "url": "https://static.wikia.nocookie.net/stealabr/images/8/84/Pi_Pi_Watermelon.png/revision/latest?cb=20251103172551",
        "match_type": "exact"
    },
    {
        "name": "Signore Carapace",
        "url": "https://static.wikia.nocookie.net/stealabr/images/4/43/Teenage_turtle.png/revision/latest?cb=20251217013246",
        "match_type": "exact"
    },
    {
        "name": "Sigma Boy",
        "url": "https://static.wikia.nocookie.net/stealabr/images/2/24/Sig_ma_Boy.png/revision/latest?cb=20251220202502",
        "match_type": "exact"
    },
    {
        "name": "Chocco Bunny",
        "url": "https://static.wikia.nocookie.net/stealabr/images/6/66/Chocco_Bunny.png/revision/latest?cb=20251207002601",
        "match_type": "exact"
    },
    {
        "name": "Puffaball",
        "url": "https://static.wikia.nocookie.net/stealabr/images/f/fb/Puffaball.png/revision/latest?cb=20251123121946",
        "match_type": "exact"
    },
    {
        "name": "Sigma Girl",
        "url": "https://static.wikia.nocookie.net/stealabr/images/a/af/SigmaGirl.png/revision/latest?cb=20251006212211",
        "match_type": "exact"
    },
    {
        "name": "Sealo Regalo",
        "url": "https://static.wikia.nocookie.net/stealabr/images/a/a2/Sealo_Regalo.png/revision/latest?cb=20251214115245",
        "match_type": "exact"
    },
    {
        "name": "Buho De Fuego",
        "url": "https://static.wikia.nocookie.net/stealabr/images/6/64/Buhodefuego.png/revision/latest?cb=20251012024730",
        "match_type": "fuzzy (100%)",
        "wiki_title": "Buho de Fuego"
    },
    {
        "name": "Frigo Camelo",
        "url": "https://static.wikia.nocookie.net/stealabr/images/a/a7/Lol_Fridge.png/revision/latest?cb=20251107125708",
        "match_type": "exact"
    },
    {
        "name": "Orangutini Ananassini",
        "url": "https://static.wikia.nocookie.net/stealabr/images/6/69/Banana.png/revision/latest?cb=20250902181417",
        "match_type": "exact"
    },
    {
        "name": "Rhino Toasterino",
        "url": "https://static.wikia.nocookie.net/stealabr/images/1/1a/Untitled210_20250808180116.png/revision/latest?cb=20250808233001",
        "match_type": "exact"
    },
    {
        "name": "Bombardiro Crocodilo",
        "url": "https://static.wikia.nocookie.net/stealabr/images/8/88/Bombardiro_Crocodilo.png/revision/latest?cb=20251207121709",
        "match_type": "exact"
    },
    {
        "name": "Brutto Gialutto",
        "url": "https://static.wikia.nocookie.net/stealabr/images/c/cc/Bruto_gialutto.png/revision/latest?cb=20250907175913",
        "match_type": "exact"
    },
    {
        "name": "Spioniro Golubiro",
        "url": "https://static.wikia.nocookie.net/stealabr/images/4/40/Weed.png/revision/latest?cb=20250902182104",
        "match_type": "exact"
    },
    {
        "name": "Bombombini Gusini",
        "url": "https://static.wikia.nocookie.net/stealabr/images/a/ac/Cant_come_up_with_a_funny_joke_for_this_one.png/revision/latest?cb=20250909223121",
        "match_type": "exact"
    },
    {
        "name": "Zibra Zubra Zibralini",
        "url": "https://static.wikia.nocookie.net/stealabr/images/f/fc/Zibra_Zubra_Zibralini.png/revision/latest?cb=20250803134054",
        "match_type": "exact"
    },
    {
        "name": "Tigrilini Watermelini",
        "url": "https://static.wikia.nocookie.net/stealabr/images/5/59/Tigrilini_Watermelini1.png/revision/latest?cb=20260130020058",
        "match_type": "exact"
    },
    {
        "name": "Avocadorilla",
        "url": "https://static.wikia.nocookie.net/stealabr/images/8/85/Avocadorilla.png/revision/latest?cb=20251128210930",
        "match_type": "exact"
    },
    {
        "name": "Cavallo Virtuoso",
        "url": "https://static.wikia.nocookie.net/stealabr/images/c/ca/Cavallo_Virtuoso.png/revision/latest?cb=20251128204759",
        "match_type": "exact"
    },
    {
        "name": "Gorillo Subwoofero",
        "url": "https://static.wikia.nocookie.net/stealabr/images/0/08/Dubstep_boy.png/revision/latest?cb=20250909170929",
        "match_type": "exact"
    },
    {
        "name": "Stoppo Luminino",
        "url": "https://static.wikia.nocookie.net/stealabr/images/b/b6/Stoppo_Luminino.png/revision/latest/scale-to-width-down/887?cb=20251108231758",
        "match_type": "exact"
    },
    {
        "name": "Gorillo Watermelondrillo",
        "url": "https://static.wikia.nocookie.net/stealabr/images/e/ea/Gorillo-Watermelondrillo.png/revision/latest?cb=20250730162924",
        "match_type": "exact"
    },
    {
        "name": "Tob Tobi Tobi",
        "url": "https://static.wikia.nocookie.net/stealabr/images/b/b0/Tob_Tobi_Tobi.png/revision/latest?cb=20251015000944",
        "match_type": "exact"
    },
    {
        "name": "Lerulerulerule",
        "url": "https://static.wikia.nocookie.net/stealabr/images/5/55/Image-removebg-preview_%287%29.png/revision/latest?cb=20251107051833",
        "match_type": "exact"
    },
    {
        "name": "Ganganzelli Trulala",
        "url": "https://static.wikia.nocookie.net/stealabr/images/b/b4/Ganganzelli_Trulala.png/revision/latest?cb=20251125173952",
        "match_type": "exact"
    },
    {
        "name": "Te Te Te Sahur",
        "url": "https://static.wikia.nocookie.net/stealabr/images/3/37/Te_Te_Te_Sahur.png/revision/latest?cb=20251129112156",
        "match_type": "exact"
    },
    {
        "name": "Rhino Helicopterino",
        "url": "https://static.wikia.nocookie.net/stealabr/images/6/61/UPokf8FmxyJj4JnktOIdNuJvgtV0vcQRYJLslXal.png/revision/latest/scale-to-width-down/1000?cb=20250915105237",
        "match_type": "exact"
    },
    {
        "name": "Magi Ribbitini",
        "url": "https://static.wikia.nocookie.net/stealabr/images/6/60/MagiRibbit.png/revision/latest?cb=20251013014847",
        "match_type": "exact"
    },
    {
        "name": "Tracoducotulu Delapeladustuz",
        "url": "https://static.wikia.nocookie.net/stealabr/images/8/80/Tracoducotulu.png/revision/latest?cb=20251006203120",
        "match_type": "exact"
    },
    {
        "name": "Jingle Jingle Sahur",
        "url": "https://static.wikia.nocookie.net/stealabr/images/0/06/JingleJingleSahur.png/revision/latest?cb=20251207003956",
        "match_type": "exact"
    },
    {
        "name": "Los Noobinis",
        "url": "https://static.wikia.nocookie.net/stealabr/images/d/db/Noobinis.png/revision/latest?cb=20250909173512",
        "match_type": "exact"
    },
    {
        "name": "Cachorrito Melonito",
        "url": "https://static.wikia.nocookie.net/stealabr/images/2/2d/Watermelon_Doggy.png/revision/latest?cb=20251109125954",
        "match_type": "exact"
    },
    {
        "name": "Spongini Quackini",
        "url": "https://static.wikia.nocookie.net/stealabr/images/e/ec/Spongini_Quackini.png/revision/latest/scale-to-width-down/596?cb=20260125102619",
        "match_type": "exact"
    },
    {
        "name": "Carloo",
        "url": "https://static.wikia.nocookie.net/stealabr/images/a/ad/Mateo_fish.png/revision/latest?cb=20250902184935",
        "match_type": "exact"
    },
    {
        "name": "Elefanto Frigo",
        "url": "https://static.wikia.nocookie.net/stealabr/images/f/ff/Elefanto_Frigo_Transparent.png/revision/latest?cb=20251013151804",
        "match_type": "exact"
    },
    {
        "name": "Carrotini Brainini",
        "url": "https://static.wikia.nocookie.net/stealabr/images/e/ef/Famine.png/revision/latest?cb=20250909161804",
        "match_type": "exact"
    },
    {
        "name": "Centrucci Nuclucci",
        "url": "https://static.wikia.nocookie.net/stealabr/images/6/6e/Centrucci_Nuclucci.png/revision/latest?cb=20251116004055",
        "match_type": "exact"
    },
    {
        "name": "Toiletto Focaccino",
        "url": "https://static.wikia.nocookie.net/stealabr/images/5/54/Toiletto.png/revision/latest?cb=20251128204636",
        "match_type": "exact"
    },
    {
        "name": "Jacko Spaventosa",
        "url": "https://static.wikia.nocookie.net/stealabr/images/c/c0/JKspaventosa.png/revision/latest?cb=20251125164126",
        "match_type": "exact"
    },
    {
        "name": "Bananito Bandito",
        "url": "https://static.wikia.nocookie.net/stealabr/images/2/2a/Screenshot_2025-10-04_132952.png/revision/latest?cb=20260104194107",
        "match_type": "exact"
    },
    {
        "name": "Tree Tree Tree Sahur",
        "url": "https://static.wikia.nocookie.net/stealabr/images/3/35/TreeTreeTreeSahur.png/revision/latest?cb=20251207004205",
        "match_type": "exact"
    },
    {
        "name": "Fizzy Soda",
        "url": "https://static.wikia.nocookie.net/stealabr/images/f/f3/Fizzy_Soda.png/revision/latest/scale-to-width-down/650?cb=20260125102651",
        "match_type": "exact"
    },
    {
        "name": "Cocofanto Elefanto",
        "url": "https://static.wikia.nocookie.net/stealabr/images/d/d9/Cocofanto.png/revision/latest?cb=20251006202715",
        "match_type": "exact"
    },
    {
        "name": "Antonio",
        "url": "https://static.wikia.nocookie.net/stealabr/images/f/f0/Antonio.png/revision/latest?cb=20250916001053",
        "match_type": "exact"
    },
    {
        "name": "Girafa Celestre",
        "url": "https://static.wikia.nocookie.net/stealabr/images/7/70/...---....png/revision/latest?cb=20250902180602",
        "match_type": "exact"
    },
    {
        "name": "Gattatino Nyanino",
        "url": "https://static.wikia.nocookie.net/stealabr/images/e/e4/Gattatin.png/revision/latest?cb=20250825132851",
        "match_type": "exact"
    },
    {
        "name": "Chihuanini Taconini",
        "url": "https://static.wikia.nocookie.net/stealabr/images/4/4a/Everybody_hates_Chihuanini_Taconini.webp/revision/latest?cb=20251209150641",
        "match_type": "exact"
    },
    {
        "name": "Tralalero Tralala",
        "url": "https://static.wikia.nocookie.net/stealabr/images/1/16/TralaleroTralala.png/revision/latest?cb=20250820114624",
        "match_type": "exact"
    },
    {
        "name": "Matteo",
        "url": "https://static.wikia.nocookie.net/stealabr/images/7/7d/Matteofr.png/revision/latest?cb=20250816180126",
        "match_type": "exact"
    },
    {
        "name": "Los Crocodillitos",
        "url": "https://static.wikia.nocookie.net/stealabr/images/9/95/LosCrocodillitos.png/revision/latest?cb=20251006203748",
        "match_type": "exact"
    },
    {
        "name": "Tigroligre Frutonni",
        "url": "https://static.wikia.nocookie.net/stealabr/images/7/71/Tigroligre.png/revision/latest?cb=20250916002012",
        "match_type": "exact"
    },
    {
        "name": "Money Money Man",
        "url": "https://static.wikia.nocookie.net/stealabr/images/e/e3/Money_Money_Man.png/revision/latest/scale-to-width-down/680?cb=20251108232228",
        "match_type": "exact"
    },
    {
        "name": "Espresso Signora",
        "url": "https://static.wikia.nocookie.net/stealabr/images/4/48/Espresso_Signora.png/revision/latest?cb=20250902180333",
        "match_type": "exact"
    },
    {
        "name": "Odin Din Din Dun",
        "url": "https://static.wikia.nocookie.net/stealabr/images/9/96/Me_irl.png/revision/latest?cb=20251231233309",
        "match_type": "exact"
    },
    {
        "name": "Tipi Topi Taco",
        "url": "https://static.wikia.nocookie.net/stealabr/images/7/72/Tipi_Topi_Taco.png/revision/latest?cb=20250812213834",
        "match_type": "exact"
    },
    {
        "name": "Unclito Samito",
        "url": "https://static.wikia.nocookie.net/stealabr/images/4/4c/Elon_musk.png/revision/latest?cb=20250909165824",
        "match_type": "exact"
    },
    {
        "name": "Alessio",
        "url": "https://static.wikia.nocookie.net/stealabr/images/9/90/Alessio.png/revision/latest?cb=20250902183820",
        "match_type": "exact"
    },
    {
        "name": "Tukanno Bananno",
        "url": "https://static.wikia.nocookie.net/stealabr/images/8/87/Tukanno_Bananno.png/revision/latest?cb=20251209235928",
        "match_type": "exact"
    },
    {
        "name": "Orcalero Orcala",
        "url": "https://static.wikia.nocookie.net/stealabr/images/d/d4/Orcalero_Orcala.png/revision/latest?cb=20260202032629",
        "match_type": "exact"
    },
    {
        "name": "Tralalita Tralala",
        "url": "https://static.wikia.nocookie.net/stealabr/images/1/15/Tralalita.png/revision/latest?cb=20250818004150",
        "match_type": "exact"
    },
    {
        "name": "Vampira Cappucina",
        "url": "https://static.wikia.nocookie.net/stealabr/images/6/60/VampiraCappuccina.png/revision/latest?cb=20251012025500",
        "match_type": "fuzzy (97%)",
        "wiki_title": "Vampira Cappuccina"
    },
    {
        "name": "Extinct Ballerina",
        "url": "https://static.wikia.nocookie.net/stealabr/images/7/74/Dead_art_form.png/revision/latest?cb=20250914041054",
        "match_type": "exact"
    },
    {
        "name": "Trenostruzzo Turbo 3000",
        "url": "https://static.wikia.nocookie.net/stealabr/images/3/30/Trenostruzzo_Turbo_3000.png/revision/latest?cb=20250816031405",
        "match_type": "exact"
    },
    {
        "name": "Urubini Flamenguini",
        "url": "https://static.wikia.nocookie.net/stealabr/images/3/36/Currently_on_fire.png/revision/latest?cb=20250902182315",
        "match_type": "exact"
    },
    {
        "name": "Jacko Jack Jack",
        "url": "https://static.wikia.nocookie.net/stealabr/images/1/1c/Jacko_Jack_Jack.png/revision/latest?cb=20251012005914",
        "match_type": "exact"
    },
    {
        "name": "Capi Taco",
        "url": "https://static.wikia.nocookie.net/stealabr/images/a/ac/Capi_Taco.png/revision/latest?cb=20250917001636",
        "match_type": "exact"
    },
    {
        "name": "Los Chihuaninis",
        "url": "https://static.wikia.nocookie.net/stealabr/images/0/01/Los_Chihuaninis.png/revision/latest?cb=20251123123029",
        "match_type": "exact"
    },
    {
        "name": "Gattito Tacoto",
        "url": "https://static.wikia.nocookie.net/stealabr/images/6/67/Gattatino_Nyaninno.png/revision/latest?cb=20250909170101",
        "match_type": "exact"
    },
    {
        "name": "Trippi Troppi Troppa Trippa",
        "url": "https://static.wikia.nocookie.net/stealabr/images/a/a6/Trippi_Troppi_Troppa_Trippa.png/revision/latest?cb=20250902182246",
        "match_type": "exact"
    },
    {
        "name": "Las Capuchinas",
        "url": "https://static.wikia.nocookie.net/stealabr/images/3/39/Las_Cappuchinas.png/revision/latest?cb=20251005122531",
        "match_type": "exact"
    },
    {
        "name": "Ballerino Lololo",
        "url": "https://static.wikia.nocookie.net/stealabr/images/c/c9/Ballerinolololo.png/revision/latest?cb=20260124203255",
        "match_type": "exact"
    },
    {
        "name": "Bulbito Bandito Traktorito",
        "url": "https://static.wikia.nocookie.net/stealabr/images/e/eb/Five_hotdogs_for_dinner_tonight.png/revision/latest?cb=20250909222352",
        "match_type": "exact"
    },
    {
        "name": "Los Tungtungtungcitos",
        "url": "https://static.wikia.nocookie.net/stealabr/images/d/de/The_middle_one_clawed_out_my_eyes.png/revision/latest/scale-to-width-down/1000?cb=20250902182803",
        "match_type": "exact"
    },
    {
        "name": "Pakrahmatmamat",
        "url": "https://static.wikia.nocookie.net/stealabr/images/e/e7/Pakrah.png/revision/latest?cb=20250823233234",
        "match_type": "exact"
    },
    {
        "name": "Ballerina Peppermintina",
        "url": "https://static.wikia.nocookie.net/stealabr/images/8/8e/Ballerina_Peppermintina.png/revision/latest?cb=20251206214402",
        "match_type": "exact"
    },
    {
        "name": "Los Bombinitos",
        "url": "https://static.wikia.nocookie.net/stealabr/images/1/16/Alvin_and_the_chipmunks.png/revision/latest/scale-to-width-down/1000?cb=20250902182634",
        "match_type": "exact"
    },
    {
        "name": "Brr es Teh Patipum",
        "url": "https://static.wikia.nocookie.net/stealabr/images/8/85/Am_i_right_lads_or_am_i_right_lads.png/revision/latest?cb=20251025220427",
        "match_type": "exact"
    },
    {
        "name": "Piccione Macchina",
        "url": "https://static.wikia.nocookie.net/stealabr/images/e/e2/PIGEONS_ARE_SPIES_MADE_BY_THE_GOVERNMENT.png/revision/latest?cb=20250902181833",
        "match_type": "exact"
    },
    {
        "name": "Pakrahmatmatina",
        "url": "https://static.wikia.nocookie.net/stealabr/images/f/fa/Pakrematina.png/revision/latest?cb=20251018140110",
        "match_type": "exact"
    },
    {
        "name": "Bombardini Tortinii",
        "url": "https://static.wikia.nocookie.net/stealabr/images/a/af/Bombardini_tortilii.png/revision/latest?cb=20250819012540",
        "match_type": "exact"
    },
    {
        "name": "Tractoro Dinosauro",
        "url": "https://static.wikia.nocookie.net/stealabr/images/f/f5/TractorDino.png/revision/latest?cb=20251201150504",
        "match_type": "exact"
    },
    {
        "name": "Los Orcalitos",
        "url": "https://static.wikia.nocookie.net/stealabr/images/2/27/Los_orcalitos.png/revision/latest?cb=20251006201225",
        "match_type": "exact"
    },
    {
        "name": "Crabbo-Limonetta",
        "url": "https://static.wikia.nocookie.net/stealabr/images/f/f9/Mr_krabs.png/revision/latest?cb=20251025221925",
        "match_type": "fuzzy (100%)",
        "wiki_title": "Crabbo Limonetta"
    },
    {
        "name": "Cacasito Satalito",
        "url": "https://static.wikia.nocookie.net/stealabr/images/1/1e/Lebron_james.png/revision/latest?cb=20250909161051",
        "match_type": "exact"
    },
    {
        "name": "Aquanaut",
        "url": "https://static.wikia.nocookie.net/stealabr/images/8/86/Astronaut.png/revision/latest?cb=20251102022904",
        "match_type": "exact"
    },
    {
        "name": "Orcalita Orcala",
        "url": "https://static.wikia.nocookie.net/stealabr/images/5/51/IMG_2496.png/revision/latest?cb=20251227010346",
        "match_type": "exact"
    },
    {
        "name": "Mummy Ambalabu",
        "url": "https://static.wikia.nocookie.net/stealabr/images/a/ae/Mummy_Ambalabu.png/revision/latest?cb=20260103203129",
        "match_type": "exact"
    },
    {
        "name": "Squalanana",
        "url": "https://static.wikia.nocookie.net/stealabr/images/4/42/SqualananaNew.png/revision/latest?cb=20251230195828",
        "match_type": "exact"
    },
    {
        "name": "Corn Corn Corn Sahur",
        "url": "https://static.wikia.nocookie.net/stealabr/images/0/06/CornSahur.png/revision/latest?cb=20251006205228",
        "match_type": "exact"
    },
    {
        "name": "Tartaruga Cisterna",
        "url": "https://static.wikia.nocookie.net/stealabr/images/8/8d/Tartaruga_Cisternaaaa.png/revision/latest?cb=20251130165328",
        "match_type": "exact"
    },
    {
        "name": "Snailenzo",
        "url": "https://static.wikia.nocookie.net/stealabr/images/4/40/Snailenzo.png/revision/latest?cb=20251013015309",
        "match_type": "exact"
    },
    {
        "name": "Dug dug dug",
        "url": "https://static.wikia.nocookie.net/stealabr/images/6/66/DUG_DUG_DUG_BRAINROT.png/revision/latest?cb=20250921131743",
        "match_type": "exact"
    },
    {
        "name": "Ginger Globo",
        "url": "https://static.wikia.nocookie.net/stealabr/images/e/e0/Ginger_Globo.png/revision/latest?cb=20251207004555",
        "match_type": "exact"
    },
    {
        "name": "Yeti Claus",
        "url": "https://static.wikia.nocookie.net/stealabr/images/0/0e/Yeti_Claus.png/revision/latest?cb=20251207005135",
        "match_type": "exact"
    },
    {
        "name": "Granchiello Spiritell",
        "url": "https://static.wikia.nocookie.net/stealabr/images/c/c9/Gangster_Crab.png/revision/latest?cb=20251123083118",
        "match_type": "exact"
    },
    {
        "name": "Los Tipi Tacos",
        "url": "https://static.wikia.nocookie.net/stealabr/images/f/f2/Los_tipi_tacos.png/revision/latest?cb=20250914130151",
        "match_type": "exact"
    },
    {
        "name": "Tootini Shrimpini",
        "url": "https://static.wikia.nocookie.net/stealabr/images/f/f7/TootiniShrimpini.png/revision/latest?cb=20260101134605",
        "match_type": "exact"
    },
    {
        "name": "Frio Ninja",
        "url": "https://static.wikia.nocookie.net/stealabr/images/a/a3/FrioNinja.png/revision/latest?cb=20251102023515",
        "match_type": "exact"
    },
    {
        "name": "Buho de Noelo",
        "url": "https://static.wikia.nocookie.net/stealabr/images/6/68/Buho_De_Nuelo.png/revision/latest?cb=20251214040328",
        "match_type": "exact"
    },
    {
        "name": "Boba Panda",
        "url": "https://static.wikia.nocookie.net/stealabr/images/0/00/Panda.png/revision/latest?cb=20260124213234",
        "match_type": "exact"
    },
    {
        "name": "Piccionetta Machina",
        "url": "https://static.wikia.nocookie.net/stealabr/images/7/79/That_one_pink_bird_from_angry_birds.png/revision/latest?cb=20250909170602",
        "match_type": "exact"
    },
    {
        "name": "Mastodontico Telepiedone",
        "url": "https://static.wikia.nocookie.net/stealabr/images/a/a5/Clanker.png/revision/latest?cb=20250902184428",
        "match_type": "exact"
    },
    {
        "name": "Bambu Bambu Sahur",
        "url": "https://static.wikia.nocookie.net/stealabr/images/d/da/Bambu_sahur_full_rost.png/revision/latest?cb=20251203093726",
        "match_type": "exact"
    },
    {
        "name": "Los Gattitos",
        "url": "https://static.wikia.nocookie.net/stealabr/images/9/97/Los_Gattitos.png/revision/latest?cb=20251123123200",
        "match_type": "exact"
    },
    {
        "name": "Chrismasmamat",
        "url": "https://static.wikia.nocookie.net/stealabr/images/8/82/Chrismasmatmamat.png/revision/latest?cb=20251219225244",
        "match_type": "exact"
    },
    {
        "name": "Noo La Polizia",
        "url": "https://static.wikia.nocookie.net/stealabr/images/8/8f/Nooo_my_polizia.png/revision/latest?cb=20251111082121",
        "match_type": "exact"
    },
    {
        "name": "Anpali Babel",
        "url": "https://static.wikia.nocookie.net/stealabr/images/f/fa/THE_ROCK.png/revision/latest?cb=20250909165504",
        "match_type": "exact"
    },
    {
        "name": "Luv Luv Luv",
        "url": "https://static.wikia.nocookie.net/stealabr/images/9/9b/LuvLuvLuv.png/revision/latest/scale-to-width-down/522?cb=20260208174351",
        "match_type": "exact"
    },
    {
        "name": "Cappuccino Clownino",
        "url": "https://static.wikia.nocookie.net/stealabr/images/7/73/Cappuccinoclown.png/revision/latest?cb=20251030021526",
        "match_type": "exact"
    },
    {
        "name": "Brasilini Berimbini",
        "url": "https://static.wikia.nocookie.net/stealabr/images/b/b6/BRABRABRAZILZILZILZIL.png/revision/latest?cb=20251025215716",
        "match_type": "exact"
    },
    {
        "name": "Belula Beluga",
        "url": "https://static.wikia.nocookie.net/stealabr/images/5/56/Belulaa.png/revision/latest?cb=20251115205345",
        "match_type": "exact"
    },
    {
        "name": "Krupuk Pagi Pagi",
        "url": "https://static.wikia.nocookie.net/stealabr/images/5/54/Cookie_no_bg.png/revision/latest?cb=20251021140500",
        "match_type": "exact"
    },
    {
        "name": "Skull Skull Skull",
        "url": "https://static.wikia.nocookie.net/stealabr/images/9/9c/Skully.png/revision/latest?cb=20251113131814",
        "match_type": "exact"
    },
    {
        "name": "Cocoa Assassino",
        "url": "https://static.wikia.nocookie.net/stealabr/images/2/2b/Cocoa-Assassino.png/revision/latest?cb=20251219223631",
        "match_type": "exact"
    },
    {
        "name": "Tentacolo Tecnico",
        "url": "https://static.wikia.nocookie.net/stealabr/images/a/ac/SQUID_GAME.png/revision/latest?cb=20251012051834",
        "match_type": "exact"
    },
    {
        "name": "Ginger Cisterna",
        "url": "https://static.wikia.nocookie.net/stealabr/images/b/ba/Ginger_Cisterna.png/revision/latest?cb=20251207004333",
        "match_type": "exact"
    },
    {
        "name": "Pop Pop Sahur",
        "url": "https://static.wikia.nocookie.net/stealabr/images/3/39/PopPopSahur.png/revision/latest?cb=20251006142317",
        "match_type": "exact"
    },
    {
        "name": "Pandanini Frostini",
        "url": "https://static.wikia.nocookie.net/stealabr/images/c/ca/Frost_Panda.png/revision/latest?cb=20251219223755",
        "match_type": "exact"
    },
    {
        "name": "Dolphini Jetskini",
        "url": "https://static.wikia.nocookie.net/stealabr/images/6/69/Dolphini_Jetskini.png/revision/latest/scale-to-width-down/869?cb=20260125102730",
        "match_type": "exact"
    },
    {
        "name": "Karkerheart Luvkur",
        "url": "https://static.wikia.nocookie.net/stealabr/images/0/0e/Karkerheart_Luvkur.png/revision/latest/scale-to-width-down/729?cb=20260208174543",
        "match_type": "exact"
    },
    {
        "name": "Karkerkar Kurkur",
        "url": "https://static.wikia.nocookie.net/stealabr/images/d/d9/Karkerkar_kurkur.png/revision/latest?cb=20250819015531",
        "match_type": "exact"
    },
    {
        "name": "Los Matteos",
        "url": "https://static.wikia.nocookie.net/stealabr/images/8/8a/LosMatteos.png/revision/latest?cb=20250817040306",
        "match_type": "exact"
    },
    {
        "name": "Bisonte Giuppitere",
        "url": "https://static.wikia.nocookie.net/stealabr/images/1/1d/Bisonte_Giuppitere_normal.png/revision/latest?cb=20250920023344",
        "match_type": "exact"
    },
    {
        "name": "La Vacca Saturno Saturnita",
        "url": "https://static.wikia.nocookie.net/stealabr/images/a/a5/La_vacca_no_effects.png/revision/latest?cb=20260124181452",
        "match_type": "exact"
    },
    {
        "name": "Trenostruzzo Turbo 4000",
        "url": "https://static.wikia.nocookie.net/stealabr/images/b/b0/Trenostruzzo4000.png/revision/latest?cb=20250920025139",
        "match_type": "exact"
    },
    {
        "name": "Jackorilla",
        "url": "https://static.wikia.nocookie.net/stealabr/images/3/32/Jackorilla.png/revision/latest?cb=20251025232823",
        "match_type": "exact"
    },
    {
        "name": "Sammyni Spyderini",
        "url": "https://static.wikia.nocookie.net/stealabr/images/9/98/Sammy_blud.png/revision/latest/scale-to-width-down/1000?cb=20250920142855",
        "match_type": "exact"
    },
    {
        "name": "Torrtuginni Dragonfrutini",
        "url": "https://static.wikia.nocookie.net/stealabr/images/8/8c/Crack.png/revision/latest?cb=20250919134500",
        "match_type": "exact"
    },
    {
        "name": "Dul Dul Dul",
        "url": "https://static.wikia.nocookie.net/stealabr/images/8/82/Dul_Dul_Dul.png/revision/latest?cb=20250909224519",
        "match_type": "exact"
    },
    {
        "name": "Blackhole Goat",
        "url": "https://static.wikia.nocookie.net/stealabr/images/7/77/Blackhole_goat.png/revision/latest?cb=20250824023245",
        "match_type": "exact"
    },
    {
        "name": "Chachechi",
        "url": "https://static.wikia.nocookie.net/stealabr/images/2/20/101_sin_t%C3%ADtulo_20251207165554.png/revision/latest?cb=20251207225656",
        "match_type": "exact"
    },
    {
        "name": "Agarrini la Palini",
        "url": "https://static.wikia.nocookie.net/stealabr/images/d/de/Agarrini_la_Palini.png/revision/latest?cb=20250915181151",
        "match_type": "exact"
    },
    {
        "name": "Los Spyderinis",
        "url": "https://static.wikia.nocookie.net/stealabr/images/f/ff/Los_Spyderinis.png/revision/latest?cb=20250823230850",
        "match_type": "exact"
    },
    {
        "name": "Fragola La La La",
        "url": "https://static.wikia.nocookie.net/stealabr/images/a/af/Sammy_the_strawberry.png/revision/latest?cb=20250919134001",
        "match_type": "exact"
    },
    {
        "name": "Extinct Tralalero",
        "url": "https://static.wikia.nocookie.net/stealabr/images/c/cd/Jaws.png/revision/latest?cb=20250914040916",
        "match_type": "exact"
    },
    {
        "name": "La Cucaracha",
        "url": "https://static.wikia.nocookie.net/stealabr/images/4/46/La_Cucaracha.png/revision/latest?cb=20250920195538",
        "match_type": "exact"
    },
    {
        "name": "Los Tortus",
        "url": "https://static.wikia.nocookie.net/stealabr/images/c/cb/LosTortuss.png/revision/latest?cb=20251006205613",
        "match_type": "exact"
    },
    {
        "name": "Los Tralaleritos",
        "url": "https://static.wikia.nocookie.net/stealabr/images/0/0f/Los_Tralaleritos.png/revision/latest?cb=20250816183135",
        "match_type": "exact"
    },
    {
        "name": "Vulturino Skeletono",
        "url": "https://static.wikia.nocookie.net/stealabr/images/e/e0/Vulturino.png/revision/latest?cb=20251012030529",
        "match_type": "exact"
    },
    {
        "name": "Boatito Auratito",
        "url": "https://static.wikia.nocookie.net/stealabr/images/9/9e/Boatito_Auratito.png/revision/latest/scale-to-width-down/750?cb=20251119223100",
        "match_type": "exact"
    },
    {
        "name": "Zombie Tralala",
        "url": "https://static.wikia.nocookie.net/stealabr/images/6/62/ZombieTralala.png/revision/latest?cb=20251012025915",
        "match_type": "exact"
    },
    {
        "name": "Guerriro Digitale",
        "url": "https://static.wikia.nocookie.net/stealabr/images/9/98/Guerrirodigitale.png/revision/latest?cb=20251226213615",
        "match_type": "exact"
    },
    {
        "name": "Yess My Examine",
        "url": "https://static.wikia.nocookie.net/stealabr/images/8/8f/Yessmyexamine.png/revision/latest?cb=20251006200210",
        "match_type": "fuzzy (100%)",
        "wiki_title": "Yess my examine"
    },
    {
        "name": "La Karkerkar Combinasion",
        "url": "https://static.wikia.nocookie.net/stealabr/images/2/2d/Holy_falloff.png/revision/latest?cb=20250909231025",
        "match_type": "exact"
    },
    {
        "name": "Reindeer Tralala",
        "url": "https://static.wikia.nocookie.net/stealabr/images/9/9c/Reindeer_Tralala.png/revision/latest?cb=20251207010226",
        "match_type": "exact"
    },
    {
        "name": "Extinct Matteo",
        "url": "https://static.wikia.nocookie.net/stealabr/images/0/0a/Man_im_dead.png/revision/latest?cb=20250914041037",
        "match_type": "exact"
    },
    {
        "name": "Rocco Disco",
        "url": "https://static.wikia.nocookie.net/stealabr/images/5/55/Rocco_Discoooooo.png/revision/latest?cb=20260101134246",
        "match_type": "exact"
    },
    {
        "name": "Las Tralaleritas",
        "url": "https://static.wikia.nocookie.net/stealabr/images/f/f4/LasTralaleritas.png/revision/latest?cb=20250817183119",
        "match_type": "exact"
    },
    {
        "name": "Pumpkini Spyderini",
        "url": "https://static.wikia.nocookie.net/stealabr/images/d/da/Sammypumpkin.png/revision/latest?cb=20251030021310",
        "match_type": "exact"
    },
    {
        "name": "Frankentteo",
        "url": "https://static.wikia.nocookie.net/stealabr/images/6/6a/Frankenmtteo.png/revision/latest?cb=20251023041610",
        "match_type": "exact"
    },
    {
        "name": "Job Job Job Sahur",
        "url": "https://static.wikia.nocookie.net/stealabr/images/0/03/Job.webp/revision/latest?cb=20250817162104",
        "match_type": "exact"
    },
    {
        "name": "Los Trios",
        "url": "https://static.wikia.nocookie.net/stealabr/images/f/f1/Los_Trios.png/revision/latest/scale-to-width-down/1000?cb=20260123223534",
        "match_type": "exact"
    },
    {
        "name": "Karker Sahur",
        "url": "https://static.wikia.nocookie.net/stealabr/images/f/f7/Karkar_sahur.png/revision/latest?cb=20260202171037",
        "match_type": "exact"
    },
    {
        "name": "Las Vaquitas Saturnitas",
        "url": "https://static.wikia.nocookie.net/stealabr/images/e/e9/Chick_fil_a.png/revision/latest?cb=20250902172807",
        "match_type": "exact"
    },
    {
        "name": "Los Karkeritos",
        "url": "https://static.wikia.nocookie.net/stealabr/images/a/a8/Loskarkeritos.png/revision/latest?cb=20251006210532",
        "match_type": "exact"
    },
    {
        "name": "Santteo",
        "url": "https://static.wikia.nocookie.net/stealabr/images/c/c8/Santteo.png/revision/latest?cb=20251207010345",
        "match_type": "exact"
    },
    {
        "name": "La Vacca Jacko Linterino",
        "url": "https://static.wikia.nocookie.net/stealabr/images/c/c6/JackoVacca.png/revision/latest?cb=20251012025230",
        "match_type": "exact"
    },
    {
        "name": "Triplito Tralaleritos",
        "url": "https://static.wikia.nocookie.net/stealabr/images/9/9b/Triplito_Tralaleritos.png/revision/latest?cb=20251219040132",
        "match_type": "exact"
    },
    {
        "name": "Trickolino",
        "url": "https://static.wikia.nocookie.net/stealabr/images/3/34/Takeone.png/revision/latest?cb=20251026202634",
        "match_type": "exact"
    },
    {
        "name": "GOAT",
        "url": "https://static.wikia.nocookie.net/stealabr/images/7/7b/GOAT.png/revision/latest?cb=20260117210909",
        "match_type": "exact"
    },
    {
        "name": "Giftini Spyderini",
        "url": "https://static.wikia.nocookie.net/stealabr/images/4/46/Giftspider.png/revision/latest?cb=20251129210010",
        "match_type": "exact"
    },
    {
        "name": "Love Love Love Sahur",
        "url": "https://static.wikia.nocookie.net/stealabr/images/0/0a/Love_Love_Love_Sahur.png/revision/latest?cb=20260209005348",
        "match_type": "exact"
    },
    {
        "name": "Graipuss Medussi",
        "url": "https://static.wikia.nocookie.net/stealabr/images/b/b8/Graipuss.png/revision/latest?cb=20250816173622",
        "match_type": "exact"
    },
    {
        "name": "Perrito Burrito",
        "url": "https://static.wikia.nocookie.net/stealabr/images/6/6d/Yummytacodog.png/revision/latest?cb=20251003131610",
        "match_type": "exact"
    },
    {
        "name": "1x1x1x1",
        "url": "https://static.wikia.nocookie.net/stealabr/images/3/39/1x1x1x1t.png/revision/latest?cb=20251102022532",
        "match_type": "exact"
    },
    {
        "name": "Los Cucarachas",
        "url": "https://static.wikia.nocookie.net/stealabr/images/a/a5/Los_Cucarachas.png/revision/latest?cb=20251123123354",
        "match_type": "exact"
    },
    {
        "name": "Please My Present",
        "url": "https://static.wikia.nocookie.net/stealabr/images/a/aa/Christmas_Chachechi.png/revision/latest?cb=20251207010049",
        "match_type": "fuzzy (100%)",
        "wiki_title": "Please my Present"
    },
    {
        "name": "Cuadramat and Pakrahmatmamat",
        "url": "https://static.wikia.nocookie.net/stealabr/images/a/a3/Cuadramat.png/revision/latest?cb=20251126164937",
        "match_type": "exact"
    },
    {
        "name": "Bunnyman",
        "url": "https://static.wikia.nocookie.net/stealabr/images/6/6b/Bunnyman.png/revision/latest?cb=20251221003956",
        "match_type": "exact"
    },
    {
        "name": "Tung Tung Tung Sahur",
        "url": "https://static.wikia.nocookie.net/stealabr/images/e/e3/Tung_Tung_Tung_Sahur.png/revision/latest?cb=20260125163843",
        "match_type": "exact"
    },
    {
        "name": "Los Jobcitos",
        "url": "https://static.wikia.nocookie.net/stealabr/images/a/af/LosJobcitos.png/revision/latest?cb=20251006202121",
        "match_type": "exact"
    },
    {
        "name": "Nooo My Hotspot",
        "url": "https://static.wikia.nocookie.net/stealabr/images/9/97/NoMyHotspot.png/revision/latest?cb=20250818145403",
        "match_type": "exact"
    },
    {
        "name": "Noo My Examine",
        "url": "https://static.wikia.nocookie.net/stealabr/images/b/b9/Noo_My_Examen.png/revision/latest?cb=20251007131207",
        "match_type": "fuzzy (100%)",
        "wiki_title": "Noo my examine"
    },
    {
        "name": "Telemorte",
        "url": "https://static.wikia.nocookie.net/stealabr/images/2/20/Telemorte.png/revision/latest?cb=20251030015504",
        "match_type": "exact"
    },
    {
        "name": "La Sahur Combinasion",
        "url": "https://static.wikia.nocookie.net/stealabr/images/e/eb/Sahuria.png/revision/latest?cb=20250920025821",
        "match_type": "exact"
    },
    {
        "name": "List List List Sahur",
        "url": "https://static.wikia.nocookie.net/stealabr/images/d/d6/List_List_List_Sahur.png/revision/latest?cb=20251207005813",
        "match_type": "exact"
    },
    {
        "name": "To to to Sahur",
        "url": "https://static.wikia.nocookie.net/stealabr/images/5/58/Africa_by_toto_%28to_sahur%29.png/revision/latest?cb=20250924041210",
        "match_type": "exact"
    },
    {
        "name": "Pirulitoita Bicicleteira",
        "url": "https://static.wikia.nocookie.net/stealabr/images/d/dc/Piruleta.png/revision/latest?cb=20251109011358",
        "match_type": "exact"
    },
    {
        "name": "Pot Hotspot",
        "url": "https://static.wikia.nocookie.net/stealabr/images/4/4b/Pot_Hotspot.png/revision/latest?cb=20250915194349",
        "match_type": "exact"
    },
    {
        "name": "25",
        "url": "https://static.wikia.nocookie.net/stealabr/images/5/5c/Rework.png/revision/latest?cb=20251207004831",
        "match_type": "exact"
    },
    {
        "name": "Santa Hotspot",
        "url": "https://static.wikia.nocookie.net/stealabr/images/4/4d/Santa_Hotspot.png/revision/latest?cb=20251214182235",
        "match_type": "exact"
    },
    {
        "name": "Horegini Boom",
        "url": "https://static.wikia.nocookie.net/stealabr/images/5/51/Hboom.png/revision/latest?cb=20251018135659",
        "match_type": "exact"
    },
    {
        "name": "Pot Pumpkin",
        "url": "https://static.wikia.nocookie.net/stealabr/images/e/e9/PotHotpumkin.png/revision/latest?cb=20251108082242",
        "match_type": "exact"
    },
    {
        "name": "Quesadilla Crocodila",
        "url": "https://static.wikia.nocookie.net/stealabr/images/3/3f/QuesadillaCrocodilla.png/revision/latest?cb=20251006143118",
        "match_type": "exact"
    },
    {
        "name": "Naughty Naughty",
        "url": "https://static.wikia.nocookie.net/stealabr/images/1/13/Sought_the_naught.png/revision/latest?cb=20251213213636",
        "match_type": "exact"
    },
    {
        "name": "Cupid Cupid Sahur",
        "url": "https://static.wikia.nocookie.net/stealabr/images/8/89/Cupid_Cupid_Sahur.png/revision/latest/scale-to-width-down/729?cb=20260208175914",
        "match_type": "exact"
    },
    {
        "name": "Mi Gatito",
        "url": "https://static.wikia.nocookie.net/stealabr/images/d/df/Mi_GatitoHD.png/revision/latest?cb=20260202205929",
        "match_type": "exact"
    },
    {
        "name": "Bunito Bunito Spinito",
        "url": "https://static.wikia.nocookie.net/stealabr/images/3/3f/BunitoBunitoSpinito.png/revision/latest?cb=20260101134447",
        "match_type": "exact"
    },
    {
        "name": "Ho Ho Ho Sahur",
        "url": "https://static.wikia.nocookie.net/stealabr/images/5/5e/HoHoHoSahur.png/revision/latest?cb=20251207002356",
        "match_type": "exact"
    },
    {
        "name": "Brunito Marsito",
        "url": "https://static.wikia.nocookie.net/stealabr/images/6/60/Brunito_Marsito_byLuiko.png/revision/latest/scale-to-width-down/776?cb=20260117223535",
        "match_type": "exact"
    },
    {
        "name": "Quesadillo Vampiro",
        "url": "https://static.wikia.nocookie.net/stealabr/images/0/0e/VampiroQuesa.png/revision/latest?cb=20260124140040",
        "match_type": "exact"
    },
    {
        "name": "Cupid Hotspot",
        "url": "https://static.wikia.nocookie.net/stealabr/images/1/1f/Pot_Cupid.png/revision/latest/scale-to-width-down/522?cb=20260208175107",
        "match_type": "exact"
    },
    {
        "name": "Chicleteira Bicicleteira",
        "url": "https://static.wikia.nocookie.net/stealabr/images/5/5a/Chicleteira.png/revision/latest?cb=20250921012655",
        "match_type": "exact"
    },
    {
        "name": "Chicleteirina Bicicleteirina",
        "url": "https://static.wikia.nocookie.net/stealabr/images/a/aa/Chicliterita_bicicliterita.png/revision/latest?cb=20251014135058",
        "match_type": "exact"
    },
    {
        "name": "Chill Puppy",
        "url": "https://static.wikia.nocookie.net/stealabr/images/e/e0/Chill_Puppy.png/revision/latest?cb=20260207220051",
        "match_type": "exact"
    },
    {
        "name": "Burrito Bandito",
        "url": "https://static.wikia.nocookie.net/stealabr/images/e/e6/PoTaTo.png/revision/latest?cb=20251022160548",
        "match_type": "exact"
    },
    {
        "name": "Los Quesadillas",
        "url": "https://static.wikia.nocookie.net/stealabr/images/9/99/LosQuesadillas.png/revision/latest?cb=20251123123650",
        "match_type": "exact"
    },
    {
        "name": "Arcadopus",
        "url": "https://static.wikia.nocookie.net/stealabr/images/3/37/Arcadopus.png/revision/latest?cb=20260210215041",
        "match_type": "exact"
    },
    {
        "name": "Noo My Candy",
        "url": "https://static.wikia.nocookie.net/stealabr/images/1/12/Noo_my_candy_transparent.png/revision/latest?cb=20251105045041",
        "match_type": "fuzzy (100%)",
        "wiki_title": "Noo my Candy"
    },
    {
        "name": "Los Nooo My Hotspotsitos",
        "url": "https://static.wikia.nocookie.net/stealabr/images/c/cb/LosNooMyHotspotsitos.png/revision/latest?cb=20250903124000",
        "match_type": "exact"
    },
    {
        "name": "Noo My Present",
        "url": "https://static.wikia.nocookie.net/stealabr/images/3/35/Noo_my_Present.png/revision/latest?cb=20251219224536",
        "match_type": "fuzzy (100%)",
        "wiki_title": "Noo my Present"
    },
    {
        "name": "Rang Ring Bus",
        "url": "https://static.wikia.nocookie.net/stealabr/images/2/2b/RingRangBus2.png/revision/latest?cb=20251018134839",
        "match_type": "exact"
    },
    {
        "name": "Los Mi Gatitos",
        "url": "https://static.wikia.nocookie.net/stealabr/images/c/c0/Los_Ay_Mi_Gatitos.png/revision/latest?cb=20260219033604",
        "match_type": "exact"
    },
    {
        "name": "Guest 666",
        "url": "https://static.wikia.nocookie.net/stealabr/images/9/99/Guest666t.png/revision/latest?cb=20251102022619",
        "match_type": "exact"
    },
    {
        "name": "Los Chicleteiras",
        "url": "https://static.wikia.nocookie.net/stealabr/images/4/4d/Los_ditos.png/revision/latest?cb=20251221211400",
        "match_type": "exact"
    },
    {
        "name": "67",
        "url": "https://static.wikia.nocookie.net/stealabr/images/4/40/Fourtyone.png/revision/latest?cb=20251014024859",
        "match_type": "exact"
    },
    {
        "name": "Donkeyturbo Express",
        "url": "https://static.wikia.nocookie.net/stealabr/images/9/9a/DonkeyturboExpress.png/revision/latest?cb=20251221003819",
        "match_type": "exact"
    },
    {
        "name": "La Grande Combinasion",
        "url": "https://static.wikia.nocookie.net/stealabr/images/d/d8/Carti.png/revision/latest?cb=20250909171004",
        "match_type": "exact"
    },
    {
        "name": "Los 25",
        "url": "https://static.wikia.nocookie.net/stealabr/images/9/9b/Transparent_Los_25.png/revision/latest?cb=20251218122100",
        "match_type": "exact"
    },
    {
        "name": "Mariachi Corazoni",
        "url": "https://static.wikia.nocookie.net/stealabr/images/5/5a/MariachiCora.png/revision/latest?cb=20251006211910",
        "match_type": "exact"
    },
    {
        "name": "Swag Soda",
        "url": "https://static.wikia.nocookie.net/stealabr/images/9/9f/Swag_Soda.png/revision/latest?cb=20251116003702",
        "match_type": "exact"
    },
    {
        "name": "Noo my Heart",
        "url": "https://static.wikia.nocookie.net/stealabr/images/7/75/NooMyLoveheart.png/revision/latest/scale-to-width-down/1000?cb=20260208175244",
        "match_type": "exact"
    },
    {
        "name": "Chimnino",
        "url": "https://static.wikia.nocookie.net/stealabr/images/c/c5/Chimnino.png/revision/latest?cb=20251219223904",
        "match_type": "exact"
    },
    {
        "name": "Chicleteira Noelteira",
        "url": "https://static.wikia.nocookie.net/stealabr/images/b/b3/Noel.png/revision/latest?cb=20251207005453",
        "match_type": "exact"
    },
    {
        "name": "Nuclearo Dinossauro",
        "url": "https://static.wikia.nocookie.net/stealabr/images/c/c6/Nuclearo_Dinosauro.png/revision/latest?cb=20250902180735",
        "match_type": "exact"
    },
    {
        "name": "Los Combinasionas",
        "url": "https://static.wikia.nocookie.net/stealabr/images/3/36/Stop_taking_my_chips_im_just_a_baybeh.png/revision/latest?cb=20250909223756",
        "match_type": "exact"
    },
    {
        "name": "Los Sweethearts",
        "url": "https://static.wikia.nocookie.net/stealabr/images/f/fc/Los_sweethearts.PNG/revision/latest?cb=20260215134231",
        "match_type": "exact"
    },
    {
        "name": "Fishino Clownino",
        "url": "https://static.wikia.nocookie.net/stealabr/images/d/d6/Fishino_Clownino.png/revision/latest?cb=20251123122601",
        "match_type": "exact"
    },
    {
        "name": "Tacorita Bicicleta",
        "url": "https://static.wikia.nocookie.net/stealabr/images/0/0f/Gonna_rob_you_twin.png/revision/latest?cb=20251006133721",
        "match_type": "exact"
    },
    {
        "name": "Spinny Hammy",
        "url": "https://static.wikia.nocookie.net/stealabr/images/7/7d/SpinnyHammy.png/revision/latest?cb=20260124214012",
        "match_type": "exact"
    },
    {
        "name": "Las Sis",
        "url": "https://static.wikia.nocookie.net/stealabr/images/e/e8/Las_Sis.png/revision/latest?cb=20250914042020",
        "match_type": "exact"
    },
    {
        "name": "Chicleteira Cupideira",
        "url": "https://static.wikia.nocookie.net/stealabr/images/6/6f/Chicleteira_Cupideira.png/revision/latest/scale-to-width-down/1000?cb=20260208175400",
        "match_type": "exact"
    },
    {
        "name": "Los Planitos",
        "url": "https://static.wikia.nocookie.net/stealabr/images/8/83/Los_Planitos.png/revision/latest?cb=20251123122230",
        "match_type": "exact"
    },
    {
        "name": "Los Hotspotsitos",
        "url": "https://static.wikia.nocookie.net/stealabr/images/6/69/Loshotspotsitos.png/revision/latest?cb=20251226204212",
        "match_type": "exact"
    },
    {
        "name": "Los Spooky Combinasionas",
        "url": "https://static.wikia.nocookie.net/stealabr/images/8/8a/Lospookycombi.png/revision/latest?cb=20251030015823",
        "match_type": "exact"
    },
    {
        "name": "Los Jolly Combinasionas",
        "url": "https://static.wikia.nocookie.net/stealabr/images/7/7b/Los_jollycombos.png/revision/latest/scale-to-width-down/1000?cb=20251227115909",
        "match_type": "exact"
    },
    {
        "name": "Money Money Puggy",
        "url": "https://static.wikia.nocookie.net/stealabr/images/0/09/Money_money_puggy.png/revision/latest?cb=20260217180308",
        "match_type": "exact"
    },
    {
        "name": "Los Mobilis",
        "url": "https://static.wikia.nocookie.net/stealabr/images/2/27/Losmobil.png/revision/latest?cb=20251012023251",
        "match_type": "exact"
    },
    {
        "name": "Celularcini Viciosini",
        "url": "https://static.wikia.nocookie.net/stealabr/images/3/38/DO_NOT_GRAB_MY_PHONE%21%21%21.png/revision/latest?cb=20250914173250",
        "match_type": "exact"
    },
    {
        "name": "Los 67",
        "url": "https://static.wikia.nocookie.net/stealabr/images/d/db/Los-67.png/revision/latest?cb=20251103171526",
        "match_type": "exact"
    },
    {
        "name": "Los Candies",
        "url": "https://static.wikia.nocookie.net/stealabr/images/f/f9/Candy%21.png/revision/latest?cb=20251218124920",
        "match_type": "exact"
    },
    {
        "name": "La Extinct Grande",
        "url": "https://static.wikia.nocookie.net/stealabr/images/c/cd/La_Extinct_Grande.png/revision/latest?cb=20250914041757",
        "match_type": "exact"
    },
    {
        "name": "Los Bros",
        "url": "https://static.wikia.nocookie.net/stealabr/images/5/53/BROOOOOOOO.png/revision/latest?cb=20250909152032",
        "match_type": "exact"
    },
    {
        "name": "Bacuru and Egguru",
        "url": "https://static.wikia.nocookie.net/stealabr/images/b/b5/Bacuru_and_Egguru.png/revision/latest/scale-to-width-down/1000?cb=20260207220129",
        "match_type": "exact"
    },
    {
        "name": "La Spooky Grande",
        "url": "https://static.wikia.nocookie.net/stealabr/images/5/51/Spooky_Grande.png/revision/latest?cb=20251012022949",
        "match_type": "exact"
    },
    {
        "name": "Chipso and Queso",
        "url": "https://static.wikia.nocookie.net/stealabr/images/f/f8/Chipsoqueso.png/revision/latest?cb=20251030022105",
        "match_type": "exact"
    },
    {
        "name": "Chillin Chili",
        "url": "https://static.wikia.nocookie.net/stealabr/images/e/e0/Chilin.png/revision/latest?cb=20251226231712",
        "match_type": "exact"
    },
    {
        "name": "Mieteteira Bicicleteira",
        "url": "https://static.wikia.nocookie.net/stealabr/images/8/86/Mieteteira_Bicicleteira.png/revision/latest?cb=20251125132431",
        "match_type": "exact"
    },
    {
        "name": "Money Money Reindeer",
        "url": "https://static.wikia.nocookie.net/stealabr/images/e/ec/MoneyMoneyReindeer.png/revision/latest?cb=20251221003105",
        "match_type": "exact"
    },
    {
        "name": "Tuff Toucan",
        "url": "https://static.wikia.nocookie.net/stealabr/images/3/3e/TuffToucan.png/revision/latest?cb=20260101134815",
        "match_type": "exact"
    },
    {
        "name": "Gobblino Uniciclino",
        "url": "https://static.wikia.nocookie.net/stealabr/images/c/c5/Gobblino_Uniciclino.png/revision/latest?cb=20251126164826",
        "match_type": "exact"
    },
    {
        "name": "Tralaledon",
        "url": "https://static.wikia.nocookie.net/stealabr/images/7/79/Brr_Brr_Patapem.png/revision/latest?cb=20250909171639",
        "match_type": "exact"
    },
    {
        "name": "Esok Sekolah",
        "url": "https://static.wikia.nocookie.net/stealabr/images/2/2a/EsokSekolah2.png/revision/latest?cb=20250819001020",
        "match_type": "exact"
    },
    {
        "name": "W or L",
        "url": "https://static.wikia.nocookie.net/stealabr/images/2/28/Win_Or_Lose.png/revision/latest?cb=20251123084507",
        "match_type": "exact"
    },
    {
        "name": "Los Puggies",
        "url": "https://static.wikia.nocookie.net/stealabr/images/c/c8/LosPuggies2.png/revision/latest?cb=20251109012744",
        "match_type": "exact"
    },
    {
        "name": "La Jolly Grande",
        "url": "https://static.wikia.nocookie.net/stealabr/images/5/5f/La_Chrismas_Grande.png/revision/latest?cb=20251207091730",
        "match_type": "exact"
    },
    {
        "name": "Los Primos",
        "url": "https://static.wikia.nocookie.net/stealabr/images/9/96/LosPrimos.png/revision/latest?cb=20251006044831",
        "match_type": "exact"
    },
    {
        "name": "Eviledon",
        "url": "https://static.wikia.nocookie.net/stealabr/images/7/78/Eviledonn.png/revision/latest?cb=20251012023919",
        "match_type": "exact"
    },
    {
        "name": "Los Tacoritas",
        "url": "https://static.wikia.nocookie.net/stealabr/images/4/40/My_kids_will_also_rob_you.png/revision/latest?cb=20250921171602",
        "match_type": "exact"
    },
    {
        "name": "Tang Tang Keletang",
        "url": "https://static.wikia.nocookie.net/stealabr/images/c/ce/TangTangVfx.png/revision/latest?cb=20251014025849",
        "match_type": "exact"
    },
    {
        "name": "Lovin Rose",
        "url": "https://static.wikia.nocookie.net/stealabr/images/a/ab/LovinRose.png/revision/latest/scale-to-width-down/939?cb=20260208180100",
        "match_type": "exact"
    },
    {
        "name": "Ketupat Kepat",
        "url": "https://static.wikia.nocookie.net/stealabr/images/a/ac/KetupatKepat.png/revision/latest?cb=20251220220246",
        "match_type": "exact"
    },
    {
        "name": "La Taco Combinasion",
        "url": "https://static.wikia.nocookie.net/stealabr/images/8/84/Latacocombi.png/revision/latest?cb=20251030015001",
        "match_type": "exact"
    },
    {
        "name": "Tictac Sahur",
        "url": "https://static.wikia.nocookie.net/stealabr/images/6/6f/Time_moving_slow.png/revision/latest?cb=20251103171934",
        "match_type": "exact"
    },
    {
        "name": "Orcaledon",
        "url": "https://static.wikia.nocookie.net/stealabr/images/a/a6/Orcaledon.png/revision/latest?cb=20251119170121",
        "match_type": "exact"
    },
    {
        "name": "La Supreme Combinasion",
        "url": "https://static.wikia.nocookie.net/stealabr/images/5/52/SupremeCombinasion.png/revision/latest?cb=20250825130920",
        "match_type": "exact"
    },
    {
        "name": "Swaggy Bros",
        "url": "https://static.wikia.nocookie.net/stealabr/images/8/85/Swaggy_Bros.png/revision/latest?cb=20251223161444",
        "match_type": "exact"
    },
    {
        "name": "La Romantic Grande",
        "url": "https://static.wikia.nocookie.net/stealabr/images/d/d2/LaRomanricGrande_LeakBySammy.png/revision/latest/scale-to-width-down/1000?cb=20260208231942",
        "match_type": "exact"
    },
    {
        "name": "Ketchuru and Musturu",
        "url": "https://static.wikia.nocookie.net/stealabr/images/1/14/Ketchuru.png/revision/latest?cb=20251021163857",
        "match_type": "exact"
    },
    {
        "name": "Lavadorito Spinito",
        "url": "https://static.wikia.nocookie.net/stealabr/images/f/ff/Lavadorito_Spinito.png/revision/latest?cb=20251123122422",
        "match_type": "exact"
    },
    {
        "name": "Jolly Jolly Sahur",
        "url": "https://static.wikia.nocookie.net/stealabr/images/f/f1/JollyJollySahur.png/revision/latest?cb=20251227120057",
        "match_type": "exact"
    },
    {
        "name": "Rosetti Tualetti",
        "url": "https://static.wikia.nocookie.net/stealabr/images/f/f8/Rossetti_Tualetti.png/revision/latest/scale-to-width-down/1000?cb=20260208175516",
        "match_type": "exact"
    },
    {
        "name": "Garama and Madundung",
        "url": "https://static.wikia.nocookie.net/stealabr/images/e/ee/Garamadundung.png/revision/latest?cb=20250816022557",
        "match_type": "exact"
    },
    {
        "name": "Spaghetti Tualetti",
        "url": "https://static.wikia.nocookie.net/stealabr/images/b/b8/Spaghettitualetti.png/revision/latest?cb=20251122142032",
        "match_type": "exact"
    },
    {
        "name": "Festive 67",
        "url": "https://static.wikia.nocookie.net/stealabr/images/c/c8/TransparentFestive67.png/revision/latest?cb=20251219224148",
        "match_type": "exact"
    },
    {
        "name": "Los Spaghettis",
        "url": "https://static.wikia.nocookie.net/stealabr/images/3/33/Los_Spaghettis.png/revision/latest?cb=20260129153809",
        "match_type": "exact"
    },
    {
        "name": "Ginger Gerat",
        "url": "https://static.wikia.nocookie.net/stealabr/images/8/85/GingerGerat.png/revision/latest/scale-to-width-down/701?cb=20251227115546",
        "match_type": "exact"
    },
    {
        "name": "La Ginger Sekolah",
        "url": "https://static.wikia.nocookie.net/stealabr/images/1/14/Esok_Ginger.png/revision/latest?cb=20251219224302",
        "match_type": "exact"
    },
    {
        "name": "Spooky and Pumpky",
        "url": "https://static.wikia.nocookie.net/stealabr/images/d/d6/Spookypumpky.png/revision/latest?cb=20251012023638",
        "match_type": "exact"
    },
    {
        "name": "Fragrama and Chocrama",
        "url": "https://static.wikia.nocookie.net/stealabr/images/5/56/Fragrama.png/revision/latest?cb=20251109011733",
        "match_type": "exact"
    },
    {
        "name": "La Casa Boo",
        "url": "https://static.wikia.nocookie.net/stealabr/images/d/de/Casa_Booo.png/revision/latest?cb=20251220094233",
        "match_type": "exact"
    },
    {
        "name": "La Secret Combinasion",
        "url": "https://static.wikia.nocookie.net/stealabr/images/f/f2/Lasecretcombinasion.png/revision/latest?cb=20251006044448",
        "match_type": "exact"
    },
    {
        "name": "Reinito Sleighito",
        "url": "https://static.wikia.nocookie.net/stealabr/images/2/27/Reinito.png/revision/latest?cb=20251219225020",
        "match_type": "exact"
    },
    {
        "name": "Ketupat Bros",
        "url": "https://static.wikia.nocookie.net/stealabr/images/4/4d/Ketupat_Bros.png/revision/latest/scale-to-width-down/1000?cb=20260207220106",
        "match_type": "exact"
    },
    {
        "name": "Burguru And Fryuro",
        "url": "https://static.wikia.nocookie.net/stealabr/images/6/65/Burguro-And-Fryuro.png/revision/latest?cb=20251007133840",
        "match_type": "fuzzy (94%)",
        "wiki_title": "Burguro And Fryuro"
    },
    {
        "name": "Cooki and Milki",
        "url": "https://static.wikia.nocookie.net/stealabr/images/9/9b/Cooki_and_milki.png/revision/latest?cb=20251106165517",
        "match_type": "exact"
    },
    {
        "name": "Capitano Moby",
        "url": "https://static.wikia.nocookie.net/stealabr/images/e/ef/Moby.png/revision/latest?cb=20251101185416",
        "match_type": "exact"
    },
    {
        "name": "Rosey and Teddy",
        "url": "https://static.wikia.nocookie.net/stealabr/images/9/9b/Rosey_and_Teddy.png/revision/latest/scale-to-width-down/1000?cb=20260208175726",
        "match_type": "exact"
    },
    {
        "name": "Popcuru and Fizzuru",
        "url": "https://static.wikia.nocookie.net/stealabr/images/a/a9/Popuru_and_Fizzuru.png/revision/latest?cb=20260213204324",
        "match_type": "exact"
    },
    {
        "name": "Love Love Bear",
        "url": "https://static.wikia.nocookie.net/stealabr/images/b/bf/Love_Love_Bear.png/revision/latest/scale-to-width-down/828?cb=20260208190306",
        "match_type": "exact"
    },
    {
        "name": "Headless Horseman",
        "url": "https://static.wikia.nocookie.net/stealabr/images/f/ff/Headlesshorseman.png/revision/latest?cb=20251030020338",
        "match_type": "exact"
    },
    {
        "name": "Cerberus",
        "url": "https://static.wikia.nocookie.net/stealabr/images/4/45/Cerberus.png/revision/latest?cb=20260217181804",
        "match_type": "exact"
    },
    {
        "name": "Dragon Cannelloni",
        "url": "https://static.wikia.nocookie.net/stealabr/images/3/31/Nah_uh.png/revision/latest?cb=20250919124457",
        "match_type": "exact"
    },
    {
        "name": "Dragon Gingerini",
        "url": "https://static.wikia.nocookie.net/stealabr/images/3/3a/DragonGingerini.png/revision/latest?cb=20251221003419",
        "match_type": "exact"
    },
    {
        "name": "Hydra Dragon Cannelloni",
        "url": "https://static.wikia.nocookie.net/stealabr/images/e/ee/Hydra_Dragon_Cannelloni.png/revision/latest/scale-to-width-down/869?cb=20260207220000",
        "match_type": "exact"
    },
    {
        "name": "Skibidi Toilet",
        "url": "https://static.wikia.nocookie.net/stealabr/images/3/34/Skibidi_toilet.png/revision/latest?cb=20251227221221",
        "match_type": "exact"
    },
    {
        "name": "Meowl",
        "url": "https://static.wikia.nocookie.net/stealabr/images/b/b8/Clear_background_clear_meowl_image.png/revision/latest?cb=20251022133154",
        "match_type": "exact"
    },
    {
        "name": "Strawberry Elephant",
        "url": "https://static.wikia.nocookie.net/stealabr/images/5/58/Strawberryelephant.png/revision/latest?cb=20250830235735",
        "match_type": "exact"
    }
]